epoch,eval_loss,eval_accuracy,layer,prompt
1.0,0.3476189076900482,0.8577981651376146,-2,SST-2_3
1.0,0.36582037806510925,0.8394495412844036,-1,SST-2_3
