epoch,eval_loss,eval_accuracy,layer,prompt
1.0,0.0,0.38597285067873305,-2,sst-5_0
1.0,0.0,0.38642533936651585,-1,sst-5_0
1.0,0.0,0.3751131221719457,0,sst-5_0
