epoch,eval_loss,eval_accuracy,layer,prompt
1.0,0.0,0.8165137614678899,-2,SST-2_1
2.0,0.0,0.8451834862385321,-2,SST-2_1
1.0,0.0,0.8188073394495413,-1,SST-2_1
2.0,0.0,0.8463302752293578,-1,SST-2_1
1.0,0.0,0.6330275229357798,0,SST-2_1
2.0,0.0,0.8096330275229358,0,SST-2_1
