epoch,eval_loss,eval_accuracy,layer,prompt
1.0,0.0,0.22217194570135745,-2,sst-5_2
2.0,0.0,0.08959276018099548,-2,sst-5_2
3.0,0.0,0.03257918552036199,-2,sst-5_2
