epoch,eval_loss,eval_accuracy,layer,prompt
1.0,0.4067462682723999,0.8119266055045872,-2,SST-2_3
1.0,0.41529402136802673,0.8096330275229358,-1,SST-2_3
