epoch,eval_loss,eval_accuracy,layer,prompt
1.0,1.5512901544570923,0.28428701180744775,-2,sst-5_0
1.0,1.3705005645751953,0.38782924613987285,-1,sst-5_0
1.0,1.4674264192581177,0.32879200726612173,0,sst-5_0
