epoch,eval_loss,eval_accuracy,layer,prompt
1.0,1.3836383819580078,0.426,-2,trec_1
1.0,1.3872014284133911,0.55,-1,trec_1
1.0,1.3847780227661133,0.432,0,trec_1
1.0,1.3847697973251343,0.432,1,trec_1
1.0,1.3847695589065552,0.432,2,trec_1
1.0,1.3847795724868774,0.432,3,trec_1
