epoch,eval_loss,eval_accuracy,layer,prompt
1.0,1.4496569633483887,0.358,-2,trec_0
1.0,1.353611946105957,0.432,-1,trec_0
1.0,1.3711440563201904,0.416,0,trec_0
1.0,1.3711423873901367,0.416,1,trec_0
1.0,1.3711479902267456,0.416,2,trec_0
1.0,1.371151089668274,0.416,3,trec_0
1.0,1.371152639389038,0.416,4,trec_0
