epoch,eval_loss,eval_accuracy,layer,prompt
1.0,1.4041662216186523,0.362,-2,trec_2
1.0,1.4077273607254028,0.42,-1,trec_2
1.0,1.4144221544265747,0.41,0,trec_2
1.0,1.414401650428772,0.41,1,trec_2
1.0,1.4143935441970825,0.41,2,trec_2
1.0,1.4143898487091064,0.41,3,trec_2
